FirstName,LastName,JobTitle,Phone,HireDate,DateOfBirth,Salary,Gender,Email,Id
Jessica,Hernandez,Dermatologist,123-456-7890,4/30/2013 12:00:00 AM,7/8/1984 12:00:00 AM,105000.00,Female,jessica.hernandez@example.com,516a9060-3702-421c-9841-9f9f023bcff2
Amanda,Martinez,Physician Assistant,654-987-0123,9/10/2017 12:00:00 AM,12/18/1986 12:00:00 AM,75000.00,Female,amanda.martinez@example.com,5179defc-bae2-481d-b778-85ec720279a6
Matthew,Taylor,Orthopedic Surgeon,987-012-3456,11/15/2011 12:00:00 AM,3/25/1976 12:00:00 AM,125000.00,Male,matthew.taylor@example.com,5808ef27-76bc-4271-819b-6e589acd7a3e
Emily,Brown,Pediatrician,234-567-8901,7/15/2016 12:00:00 AM,4/20/1982 12:00:00 AM,95000.00,Female,emily.brown@example.com,72852356-6479-4f30-9c1d-f9144c7054e3
Ryan,Scott,Psychiatrist,234-567-8901,6/10/2015 12:00:00 AM,11/20/1980 12:00:00 AM,95000.00,Male,ryan.scott@example.com,9b70639d-d623-49c7-95e7-f21c7229db15
Lauren,King,Optometrist,321-654-9870,10/15/2013 12:00:00 AM,8/10/1983 12:00:00 AM,85000.00,Female,lauren.king@example.com,a0b6fd2c-db0f-478a-9310-64e88ff7b60d
John,Doe,Doctor,123-456-7890,3/20/2015 12:00:00 AM,5/15/1980 12:00:00 AM,100000.00,Male,john.doe@example.com,a435683d-ee76-4c77-a26d-53ea2bfdf437
Rachel,Adams,Oncologist,987-012-3456,9/25/2011 12:00:00 AM,3/8/1984 12:00:00 AM,115000.00,Female,rachel.adams@example.com,ab68d898-08bf-408d-921e-97ee81438e83
Samantha,Hill,Speech-Language Pathologist,456-789-0123,2/15/2018 12:00:00 AM,9/20/1986 12:00:00 AM,75000.00,Female,samantha.hill@example.com,afb7f326-98cb-40d9-9d4a-b274991bd9bb
Brandon,Wright,Radiologist,654-987-0123,12/30/2010 12:00:00 AM,4/5/1978 12:00:00 AM,110000.00,Male,brandon.wright@example.com,bae5d153-ecd5-436c-9787-007fd099e2be
Christopher,Jones,General Practitioner,321-654-9870,5/20/2014 12:00:00 AM,1/5/1983 12:00:00 AM,85000.00,Male,christopher.jones@example.com,be7ef488-3d29-4086-81cc-80373b1ec625
David,Williams,Anesthesiologist,567-890-1234,12/3/2008 12:00:00 AM,9/30/1978 12:00:00 AM,110000.00,Male,david.williams@example.com,c32143ec-4d02-4f00-8703-d2bd29af8903
Daniel,Garcia,Cardiologist,456-789-0123,8/20/2009 12:00:00 AM,2/14/1977 12:00:00 AM,115000.00,Male,daniel.garcia@example.com,c4b4a5a5-6216-4b17-8a58-73922ffc5b6f
Megan,Lopez,Emergency Medicine Physician,567-890-1234,8/25/2012 12:00:00 AM,12/15/1981 12:00:00 AM,105000.00,Female,megan.lopez@example.com,c537e724-2a24-44b5-b1e3-a156d10df159
Ashley,Young,Obstetrician,789-012-3456,3/5/2020 12:00:00 AM,10/3/1989 12:00:00 AM,100000.00,Female,ashley.young@example.com,d23c73f7-42da-46ff-9234-fc6114a62d1e
Eric,Perez,Pharmacist,123-456-7890,4/10/2017 12:00:00 AM,6/18/1985 12:00:00 AM,90000.00,Male,eric.perez@example.com,d55a9673-4f8a-443c-85dd-ef76b6159699
Jane,Smith,Nurse,456-789-0123,1/10/2018 12:00:00 AM,8/25/1985 12:00:00 AM,60000.00,Female,jane.smith@example.com,e72d2877-44a9-4063-97db-4809eb1f79f5
Michael,Johnson,Surgeon,789-012-3456,9/5/2010 12:00:00 AM,11/10/1975 12:00:00 AM,120000.00,Male,michael.johnson@example.com,e81891d9-6d6d-4450-9c36-10df74369a93
Sarah,Anderson,Registered Nurse,890-123-4567,2/28/2019 12:00:00 AM,6/12/1987 12:00:00 AM,70000.00,Female,sarah.anderson@example.com,e9100583-da3b-49b6-b0f9-b55f3650ef67
mohamed,ali mohamed,tester,0563095922,5/30/2024 12:00:00 AM,5/30/2000 12:00:00 AM,15000.00,Male,mohamedaLMohamed@gmail.com,f2fb251f-9ad2-4123-95fb-79f2cf90b9ae
